Name of award,Coin Price,Days of Premium,Coin Reward
Gold,500,7,100
Silver,100,0,0
Flatten the Curve,50,0,0
Fireworks,100,0,0
Take My Power,75,0,0
Bravo Grande!,75,0,0
Wholesome Seal of Approval,30,0,0
Narwhal Salute,30,0,0
All-Seeing Upvote,30,0,0
Made Me Smile,500,0,100
Heart Eyes,500,0,100
Yas Queen,250,0,0
Today I Learned,250,0,100
Timeless Beauty,250,0,100
Original,250,0,100
Mind Blown,250,0,100
It's Cute!,250,0,0
ELI5,250,7,100
Awesome Answer,250,0,100
Plus One,200,0,0
Cake,150,0,0
Super special award,40000,0,4000
Informational Comment,600,0,0
Nostalgic content,500,0,0
Great Original Content,400,0,0
Engaging comment,400,0,0
Photograph of high quality,300,0,0
Ternion All-Powerful,50000,183,5000
Argentium,20000,91,2500
Platinum,1800,31,0
Pot o' Coins,1000,0,800
Wholesome (Pro),500,0,100
Starry,500,0,0
Snoo Nice,500,7,100
Ignite!,500,0,0
Helpful (Pro),500,0,100
Bless Up (Pro),500,0,100
Doot ðŸŽµ Doot,400,0,0
Bravo!,400,0,0
Updoot,300,0,0
This,300,0,0
Rocket Like,300,0,0
Got the W,300,0,0
GOAT,300,0,0
Coin Gift,300,0,250
2020 Vision,300,0,0
Super Heart Eyes,250,0,0
1UP,250,0,0
To The Stars,200,0,0
Stonks Rising,200,0,0
Stonks Falling,200,0,0
I'm Deceased,200,0,0
I'd Like to Thank...,200,0,0
Dadâ€™s Time to Shine,200,0,0
Stars and Stripes,150,0,0
Press F,150,0,0
Number 1 Dad,150,0,0
Helpful,150,0,0
Flag Wave,150,0,0
Bless Up,150,0,0
Wholesome,125,0,0
Look on the bright side,125,0,0
Tearing Up,100,0,0
Keep Calm,100,0,0
Evil Cackle,100,0,0
Apple Pie,80,0,0
Lawyer Up,75,0,0
Hugz,75,0,0
Tree Hug,70,0,0
Snek,70,0,0
Faith In Humanity Restored,70,0,0
Facepalm,70,0,0
Toasty at Home,50,0,0
Take My Energy,50,0,0
Quarantine 15,50,0,0
Nothing To Do,50,0,0
I am disappoint,50,0,0
Dads Care,50,0,0
"Couch, Fridge, Bed, Work",50,0,0
Ally,50,0,0
'MURICA,50,0,0
Wearing is Caring,30,0,0
Safe & Social,30,0,0
Home Time,30,0,0
Healthcare Hero,30,0,0
Cool Summer,30,0,0
Looking Busy,20,0,0
Recharge,10,0,0
Pride and Accomplishment ,500,0,0
Just Like The Simulations,500,0,0
DICE PLS,500,0,0
Chosen One,500,0,0
Santa Nah,500,7,100
Extra Life,500,7,100
Time for Love,250,0,0
Kansas City,250,0,0
Yikes,70,0,0
Trollface,50,0,0
Slice of Ï€,50,0,0
In Memoriam,50,0,0
Hygge,50,0,0
Heroes Forever,50,0,0
Aesthetic Queen,250,7,100
Rainbow Flame,500,0,0
Blue Flame,500,0,0
Wizard,250,0,100
Mr. Penguin,200,0,0
Firefighter Koala,1000,0,0
Upvotes Inbound,500,0,0
Unlimited Power,500,0,0
The Senate,500,0,0
The High Ground,500,0,0
The Golden Jar Jar,500,0,0
The Chosen One,500,0,0
Jar Jar,500,0,0
General KenOC,500,0,0
Solidarity,2000,0,0
Out of the Magic Portal,350,0,0
Into the Magic Portal,350,0,0
Crab Rave,300,0,0
Buff Doge,150,0,0
Excited,100,0,0
Bow,75,0,0
Guac My World,60,0,0
Staying Cozy,50,0,0
Think of the Planet,25,0,0
"Reduce, Reuse, Recycle",25,0,0
Happy Earth Day,25,0,0
Back to School,10,0,0
Unobtanium,50,0,0
You're a Dirty Weeb!,300,0,0
Ugandan Sonichu Approved,300,0,0
Tik Tok Cringe Award,300,0,0
OwO what's this?,300,0,0
My Wife's Boyfriend Award,300,0,0
I'm calling the police!,300,0,0
I have the weirdest boner,300,0,0
Have a Seat Right Over There,300,0,0
Gotta Go Fast!,300,0,0
God wills it!,300,0,0
Dirty Diaper Award,300,0,0
Certified Neckbeard,300,0,0
All Hail our Lord and Savior,300,0,0
Table Flip,300,0,0
Table Slap,200,0,0
Spit-take,200,0,0
OOF,200,0,0
Back Away,200,0,0
Take My Money,150,0,0
Starts Recording,100,0,0
Oh no!,100,0,0
I'll Drink to That,100,0,0
Candy Cane,1200,0,0
Baby Snoo Tears,700,7,100
Baby Snoo,700,7,100
Santa Rocket Like,500,7,100
Santa Nice,500,7,100
Rocket Toboggan,500,7,100
CYBERGIFT,500,7,100
Office Prank,50,0,0
Superior Holo of Approval,1800,31,0
Bravissimo!,200,0,0
Dancing Corgi,600,7,100
Self Care,500,0,100
Looking Good,300,0,0
PRO,250,0,100
Meta,250,0,100
Glam,250,7,100
Fierce,250,7,100
u/KakyoinExplainsIt,40000,0,4000
Holo of Approval,2000,0,0
Amazing!,1000,0,0
Thunder Cross Split Attack,500,0,0
Mr. Dire,500,0,0
Hamon Rose,500,0,0
Santa's Last Ride,1000,0,800
Baby Snoo Laugh,700,7,100
Baby Snoo Angry,700,7,100
Took an L,500,7,100
That's so Fetch,500,0,100
Snoo Nah,500,7,100
NYE Ball Drop,500,7,100
New Years Resolution,500,7,100
Whole Ï€,314,0,0
Vote with Love,250,0,0
Super Star Eyes,250,0,100
San Francisco,250,0,0
"Me, Myself, and I",250,0,0
Hecking Purrfect,250,0,0
Heartbreak,250,0,0
Cupid's Arrow,250,0,0
Giggle,200,0,0
Elf Train,125,0,0
Yummy,100,0,0
Heartwarming,100,0,0
Dread,100,0,0
Hot Dog,80,0,0
Wink Wink,75,0,0
Free Hugs,60,0,0
Straight Outta Dublin,50,0,0
Paper,50,0,0
Mold,50,0,0
Lucky Charm,50,0,0
I'll Cheers to That,50,0,0
MOD FAVOURITE AWARD!,1800,31,0
Gold Bar,40000,0,4000
Outta This World,1000,0,0
Golden Star,1000,0,0
Popping Off,500,0,0
Flaming Comet,500,0,0
Golden Fuckboy,40000,0,4000
Cash Money,2000,0,0
Green Surge,500,0,0
Chad,500,0,0
Buy,500,0,0
Mod's Choice,1800,31,0
The Infinite Gay,40000,0,4000
The Big Gay,10000,0,1000
redacted_award,6900,0,0
Living Legend,2000,0,0
Reddit Asser (100% more ass),600,0,0
Wholesome Meme,500,0,0
SusanRage,500,0,0
immapeeinurass,500,0,0
Galaxy Brain,500,0,0
Dank Meme,500,0,0
Reddit Ass,300,0,0
Santa's Luxe Gift Bag,20000,365,0
Pirelli Soft,2000,0,0
Pirelli Medium,1000,0,0
Murray Walker Mic,1000,0,0
Pirelli Hard,500,0,0
Niki Lauda Red Cap,500,0,0
Jolyon Palmer Sound Analysis,500,0,0
#WeRaceAsOne,500,0,0
This is 2020,200,0,0
Shocked,100,0,0
Love!,100,0,0
Glow Up,100,0,0
Spez,40000,0,4000
Mr Splashy Pants,1000,0,0
Exposure Bucks,500,0,0
Mind blowing Original Content,500,0,0
Unicorn,300,0,100
Life Hack,500,0,100
Spill the Tea,250,0,100
Great comment,300,0,0
Put a Ring On It,250,0,0
Heart Locket,250,0,0
MOOD,500,0,100
Gobsmack,250,0,100
Well Sourced,500,0,0
Insightful Comment,500,0,0
Important Context,500,0,0
Quality OC,1800,31,0
"The ""Classic"" Award",300,0,0
Stanley Nickel,300,0,0
Schrute Buck,300,0,0
Dundie Award,300,0,0
Most Valuable,500,0,0
"Silver, Adam",300,0,0
Historic Highlight,300,0,0
Crying MJ,300,0,0
Apt Analysis,300,0,0
